<PAMDataset>
  <PAMRasterBand band="1">
    <Histograms>
      <HistItem>
        <HistMin>111</HistMin>
        <HistMax>523</HistMax>
        <BucketCount>256</BucketCount>
        <IncludeOutOfRange>1</IncludeOutOfRange>
        <Approximate>0</Approximate>
        <HistCounts>1632807|0|0|0|0|0|324307|17847|39952|0|0|0|76020|15918|0|0|0|0|67918|316876|0|0|0|0|0|0|0|0|0|0|0|0|0|0|0|0|0|0|0|0|0|0|0|0|0|0|0|0|0|0|0|0|0|0|0|0|0|0|0|0|0|7487861|0|0|0|0|0|0|12679|0|0|0|0|0|10651130|0|0|0|0|0|0|844260|64|0|0|0|0|0|0|0|0|0|0|0|0|0|0|0|0|0|0|0|0|0|0|0|0|0|0|0|0|0|0|0|0|0|0|0|0|0|0|0|0|656093|1490689|369957|0|0|0|1452924|1962674|587820|0|0|0|0|65260|311901|7922|0|0|0|0|0|0|0|0|0|0|0|0|0|0|0|0|0|0|0|0|0|0|0|0|0|0|0|0|0|0|0|0|0|0|0|0|0|0|0|0|0|0|0|0|0|0|60303|3180045|0|0|0|0|54581|0|314413|0|0|0|0|0|0|0|0|0|0|0|0|0|0|0|0|0|0|0|0|0|0|0|0|0|0|0|0|0|0|0|0|0|0|0|0|0|0|0|0|0|0|0|0|0|0|0|0|0|0|0|0|0|18513|339122|0|0|0|0|2964|150544|20254270</HistCounts>
      </HistItem>
    </Histograms>
    <Metadata>
      <MDI key="STATISTICS_COVARIANCES">20334.55238299663</MDI>
      <MDI key="STATISTICS_EXCLUDEDVALUES"></MDI>
      <MDI key="STATISTICS_MAXIMUM">523</MDI>
      <MDI key="STATISTICS_MEAN">361.83303992747</MDI>
      <MDI key="STATISTICS_MEDIAN">321.039216</MDI>
      <MDI key="STATISTICS_MINIMUM">111</MDI>
      <MDI key="STATISTICS_SKIPFACTORX">1</MDI>
      <MDI key="STATISTICS_SKIPFACTORY">1</MDI>
      <MDI key="STATISTICS_STDDEV">142.59927202828</MDI>
    </Metadata>
  </PAMRasterBand>
</PAMDataset>
