CLC_CODE,LABEL1,LABEL2,LABEL3,RGB
111,Artificial surfaces,Urban fabric,Continuous urban fabric,230-000-077
112,Artificial surfaces,Urban fabric,Discontinuous urban fabric,255-000-000
121,Artificial surfaces,"Industrial, commercial and transport units",Industrial or commercial units,204-077-242
122,Artificial surfaces,"Industrial, commercial and transport units",Road and rail network land,204-000-000
123,Artificial surfaces,"Industrial, commercial and transport units",Port areas,230-204-204
124,Artificial surfaces,"Industrial, commercial and transport units",Airports,230-204-230
131,Artificial surfaces,"Mine, dump and construction sites",Mineral extraction sites,166-000-204
132,Artificial surfaces,"Mine, dump and construction sites",Dump sites,166-077-000
133,Artificial surfaces,"Mine, dump and construction sites",Construction sites,255-077-255
141,Artificial surfaces,"Artificial, non-agricultural vegetated areas",Green urban areas,255-166-255
142,Artificial surfaces,"Artificial, non-agricultural vegetated areas",Sport and leisure facilities,255-230-255
211,Agricultural areas,Arable land,Non-irrigated arable land,255-255-168
212,Agricultural areas,Arable land,Permanently irrigated land,255-255-000
213,Agricultural areas,Arable land,Rice fields,230-230-000
221,Agricultural areas,Permanent crops,Vineyards,230-128-000
222,Agricultural areas,Permanent crops,Fruit trees and berry plantations,242-166-077
223,Agricultural areas,Permanent crops,Olive groves,230-166-000
231,Agricultural areas,Pastures,Pastures,230-230-077
241,Agricultural areas,Heterogeneous agricultural areas,Annual crops associated with permanent crops,255-230-166
242,Agricultural areas,Heterogeneous agricultural areas,Complex cultivation patterns,255-230-077
243,Agricultural areas,Heterogeneous agricultural areas,"Agriculture, with natural vegetation",230-204-077
244,Agricultural areas,Heterogeneous agricultural areas,Agro-forestry areas,242-204-166
311,Forest and semi natural areas,Forests,Broad-leaved forest,128-255-000
312,Forest and semi natural areas,Forests,Coniferous forest,000-166-000
313,Forest and semi natural areas,Forests,Mixed forest,077-255-000
321,Forest and semi natural areas,Scrub and/or herbaceous vegetation associations,Natural grasslands,204-242-077
322,Forest and semi natural areas,Scrub and/or herbaceous vegetation associations,Moors and heathland,166-255-128
323,Forest and semi natural areas,Scrub and/or herbaceous vegetation associations,Sclerophyllous vegetation,166-230-077
324,Forest and semi natural areas,Scrub and/or herbaceous vegetation associations,Transitional woodland-shrub,166-242-000
331,Forest and semi natural areas,Open spaces with little or no vegetation,"Beaches, dunes, sands",230-230-230
332,Forest and semi natural areas,Open spaces with little or no vegetation,Bare rocks,204-204-204
333,Forest and semi natural areas,Open spaces with little or no vegetation,Sparsely vegetated areas,204-255-204
334,Forest and semi natural areas,Open spaces with little or no vegetation,Burnt areas,000-000-000
335,Forest and semi natural areas,Open spaces with little or no vegetation,Glaciers and perpetual snow,166-230-204
411,Wetlands,Inland wetlands,Inland marshes,166-166-255
412,Wetlands,Inland wetlands,Peat bogs,077-077-255
421,Wetlands,Maritime wetlands,Salt marshes,204-204-255
422,Wetlands,Maritime wetlands,Salines,230-230-255
423,Wetlands,Maritime wetlands,Intertidal flats,166-166-230
511,Water bodies,Inland waters,Water courses,000-204-242
512,Water bodies,Inland waters,Water bodies,128-242-230
521,Water bodies,Marine waters,Coastal lagoons,000-255-166
522,Water bodies,Marine waters,Estuaries,166-255-230
523,Water bodies,Marine waters,Sea and ocean,230-242-255
